year,row,account,budget,actual,variance
2024-25,1,Timberland Bands,0.0,0.0,0.0
2024-25,2,Budget Vs Actual Report,0.0,0.0,0.0
2024-25,3,07-01-2024 To 06-30-2025,0.0,0.0,0.0
2024-25,4,Budget,0.0,0.0,0.0
2024-25,5,Account,0.0,0.0,0.0
2024-25,7,"Contributions, Gifts or Grants - Income",0.0,0.0,0.0
2024-25,8,Donations - Income,4200.0,12567.67,8367.67
2024-25,9,Donations Received - Indoor Percussion - Income,16044.0,20565.0,4521.0
2024-25,10,Donations Received - Winter Guard - Income,6520.0,4941.6,-1578.4
2024-25,11,"Total Contributions, Gifts or Grants",26764.0,38074.27,11310.27
2024-25,12,Programs - Income,0.0,0.0,0.0
2024-25,13,Apparel/Formal Wear Income - Income,19900.0,17676.38,-2223.62
2024-25,14,Total Programs,19900.0,17676.38,-2223.62
2024-25,15,Membership Dues - Income,0.0,0.0,0.0
2024-25,16,Indoor Percussion Fees - Income,27200.0,25238.43,-1961.57
2024-25,17,Membership Fees - Income,43515.0,60485.87,16970.87
2024-25,18,Winter Guard Fees - Income,11900.0,10588.96,-1311.04
2024-25,19,Total Membership Dues,82615.0,96313.26,13698.26
2024-25,20,Fundraising - Income,0.0,0.0,0.0
2024-25,21,Fundraising Gaming - Income,40000.0,0.0,-40000.0
2024-25,22,Fundraising Non-gaming - Income,35532.13,3720.5,-31811.63
2024-25,23,Midwest Marching Percussion Classic - Income,0.0,13240.0,13240.0
2024-25,24,Trivia Night - Income,0.0,7001.0,7001.0
2024-25,25,Total Fundraising,75532.13,23961.5,-51570.63
2024-25,26,Merchandise - Income,0.0,0.0,0.0
2024-25,27,Family Show Shirts - Income,2300.0,0.0,-2300.0
2024-25,28,Credit Card Fees - Income,0.0,475.35,475.35
2024-25,29,Total Merchandise,2300.0,475.35,-1824.65
2024-25,30,Other Income - Income,0.0,0.0,0.0
2024-25,31,Credit Card Rewards - Income,1000.0,1306.93,306.93
2024-25,32,Honor Band/Solo & Ensemble Fees - Income,1000.0,500.68,-499.32
2024-25,33,Interest Income - Income,0.12,0.12,0.0
2024-25,34,Raise Right - Boosters Income - Income,0.0,1283.47,1283.47
2024-25,35,Raise Right - Student Income - Income,0.0,5138.86,5138.86
2024-25,36,Total Other Income,2000.12,8230.06,6229.94
2024-25,37,Total Income,209111.25,296865.99,87754.74
2024-25,39,Programs - Expense,0.0,0.0,0.0
2024-25,40,Apparel Expense - Expense,24620.0,25115.25,495.25
2024-25,41,Band Camp Professional Fees - Expense,28220.0,24625.0,-3595.0
2024-25,42,Band Family BBQ - Expense,250.0,130.79,-119.21
2024-25,43,Band Instructor/Tech - Expense,7150.0,7400.0,250.0
2024-25,44,Guard Instructor/Tech - Expense,2900.0,3650.0,750.0
2024-25,45,Leadership Shirts - Expense,850.0,924.05,74.05
2024-25,46,Miscellaneous Band Camp Expense - Expense,450.0,50.0,-400.0
2024-25,47,Banquet - Expense,1000.0,879.22,-120.78
2024-25,48,Senior Gifts and Flowers - Expense,1510.0,877.19,-632.81
2024-25,49,Concert Festival Fees - Expense,750.0,595.0,-155.0
2024-25,50,Drum Major Camp - Expense,1900.0,1875.0,-25.0
2024-25,51,Food - Marching Competitions - Expense,3000.0,2799.07,-200.93
2024-25,52,Marching Festival Fees - Expense,2475.0,3765.0,1290.0
2024-25,53,Marching Field Props - Expense,10250.0,2544.1,-7705.9
2024-25,54,Miscellaneous Marching Expense - Expense,1800.0,1779.95,-20.05
2024-25,55,Student Leadership Workshop - Expense,3400.0,3027.33,-372.67
2024-25,56,Trailer Insurance - Expense,625.0,647.0,22.0
2024-25,57,Trailer Maintenance - Expense,7000.0,7275.21,275.21
2024-25,58,Trailer Storage - Expense,1300.0,1210.0,-90.0
2024-25,59,Total Programs,99450.0,89169.16,-10280.84
2024-25,60,Fundraising - Expense,0.0,0.0,0.0
2024-25,61,Fundraising Gaming - Expense,35000.0,0.0,-35000.0
2024-25,62,Fundraising Non-gaming - Expense,7200.0,3756.14,-3443.86
2024-25,63,Midwest Marching Percussion Classic - Expense,0.0,6725.61,6725.61
2024-25,64,Total Fundraising,42200.0,10481.75,-31718.25
2024-25,65,Merchandise COGS - Expense,0.0,0.0,0.0
2024-25,66,Family Show Shirts - Expense,2000.0,2936.0,936.0
2024-25,67,Total Merchandise COGS,2000.0,2936.0,936.0
2024-25,68,Other Expenses - Expense,0.0,0.0,0.0
2024-25,69,Bank Service Charges - Expense,0.0,15.0,15.0
2024-25,70,Clinicians - Professional Music Group - Expense,1000.0,710.0,-290.0
2024-25,71,Credit Card Fees - Expense,1300.0,842.18,-457.82
2024-25,72,Directors' Expense - Expense,1000.0,974.81,-25.19
2024-25,73,Honor Band / Solo-Ensemble Expense - Expense,1000.0,705.0,-295.0
2024-25,74,Indoor Percussion Expenses - Expense,43244.0,41695.06,-1548.94
2024-25,75,Miscellaneous Expenditures - Expense,2425.0,569.78,-1855.22
2024-25,76,Phyllis Hoing Memorial Scholarship - Expense,500.0,500.0,0.0
2024-25,77,State Registration - MO License - Expense,11.25,20.9,9.65
2024-25,78,Subscriptions - Expense,1261.0,3100.0,1839.0
2024-25,79,Winter Guard Expenses - Expense,18420.0,22551.54,4131.54
2024-25,80,Total Other Expenses,70161.25,71684.27,1523.02
2024-25,81,Professional Fees - Expense,1300.0,854.89,-445.11
2024-25,82,Total Professional Fees,1300.0,854.89,-445.11
2024-25,83,Benefits - Expense,0.0,0.0,0.0
2024-25,84,Total Benefits,0.0,0.0,0.0
2024-25,85,Salaries - Expense,0.0,0.0,0.0
2024-25,86,Total Salaries,0.0,0.0,0.0
2024-25,87,"Rent, Utility, Maintenance - Expense",0.0,0.0,0.0
2024-25,88,"Total Rent, Utility, Maintenance",0.0,0.0,0.0
2024-25,89,"Printing, Publication, Postage and Shipping - Expense",0.0,0.0,0.0
2024-25,90,"Total Printing, Publication, Postage and Shipping",0.0,0.0,0.0
2024-25,91,Grants or similar amount paid - Expense,0.0,0.0,0.0
2024-25,92,Total Grants or similar amount paid,0.0,0.0,0.0
2024-25,93,Total Expense,215111.25,283413.8,68302.55
2024-25,94,Net Income,-6000.0,13452.19,7452.19
2025-26,1,Timberland Bands,0.0,0.0,0.0
2025-26,2,Budget Vs Actual Report,0.0,0.0,0.0
2025-26,3,07-01-2025 To 06-30-2026,0.0,0.0,0.0
2025-26,4,Budget,0.0,0.0,0.0
2025-26,5,Account,0.0,0.0,0.0
2025-26,7,"Contributions, Gifts or Grants - Income",0.0,0.0,0.0
2025-26,8,Donations - Income,0.0,18038.41,18038.41
2025-26,9,Donations Received - Winter Guard - Income,1956.6,6903.49,4946.89
2025-26,10,Grants - Income,0.0,1000.0,1000.0
2025-26,11,"Total Contributions, Gifts or Grants",1956.6,25941.9,23985.3
2025-26,12,Programs - Income,0.0,0.0,0.0
2025-26,13,Apparel/Formal Wear Income - Income,6360.0,6281.44,-78.56
2025-26,14,Total Programs,6360.0,6281.44,-78.56
2025-26,15,Membership Dues - Income,0.0,0.0,0.0
2025-26,16,Membership Fees - Income,62775.0,42602.32,-20172.68
2025-26,17,Winter Guard Fees - Income,15300.0,10898.25,-4401.75
2025-26,18,Total Membership Dues,78075.0,53500.57,-24574.43
2025-26,19,Fundraising - Income,0.0,0.0,0.0
2025-26,20,Fundraising Non-gaming - Income,52838.91,12903.17,-39935.74
2025-26,21,Mum Sales - Income,0.0,3765.0,3765.0
2025-26,22,Midwest Marching Percussion Classic - Income,0.0,12169.0,12169.0
2025-26,23,Trivia Night - Income,0.0,6113.0,6113.0
2025-26,24,Total Fundraising,52838.91,34950.17,-17888.74
2025-26,25,Merchandise - Income,0.0,0.0,0.0
2025-26,26,BoosterHub Merch - Income,0.0,107.0,107.0
2025-26,27,Family Show Shirts - Income,2000.0,2539.26,539.26
2025-26,28,Credit Card Fees - Income,0.0,2685.66,2685.66
2025-26,29,Total Merchandise,2000.0,5331.92,3331.92
2025-26,30,Other Income - Income,1440.0,1485.0,45.0
2025-26,31,Credit Card Rewards - Income,1000.0,981.47,-18.53
2025-26,32,Honor Band/Solo & Ensemble Fees - Income,600.0,600.0,0.0
2025-26,33,Interest Income - Income,0.12,0.1,-0.02
2025-26,34,Raise Right - Boosters Income - Income,0.0,1073.96,1073.96
2025-26,35,Raise Right - Student Income - Income,0.0,4295.58,4295.58
2025-26,36,Trip Income - Income,0.0,113464.28,113464.28
2025-26,37,Total Other Income,3040.12,121900.39,118860.27
2025-26,38,Total Income,144270.63,247906.39,103635.76
2025-26,40,Programs - Expense,0.0,0.0,0.0
2025-26,41,Apparel Expense - Expense,5120.0,5604.79,484.79
2025-26,42,Band Camp Professional Fees - Expense,27000.0,22875.0,-4125.0
2025-26,43,Band Family BBQ - Expense,250.0,229.5,-20.5
2025-26,44,Band Instructor/Tech - Expense,9150.0,8400.0,-750.0
2025-26,45,Copyright Fee - Expense,1500.0,894.4,-605.6
2025-26,46,Guard Instructor/Tech - Expense,3150.0,2507.95,-642.05
2025-26,47,Leadership Shirts - Expense,950.0,897.8,-52.2
2025-26,48,Miscellaneous Band Camp Expense - Expense,450.0,119.47,-330.53
2025-26,49,Staff Polo Shirts - Expense,150.0,44.69,-105.31
2025-26,50,Banquet Decorations and Cake - Expense,200.0,0.0,-200.0
2025-26,51,Banquet Food Supplies - Expense,200.0,0.0,-200.0
2025-26,52,Banquet Rental - Expense,750.0,0.0,-750.0
2025-26,53,Senior Gifts and Flowers - Expense,1250.0,0.0,-1250.0
2025-26,54,Concert Festival Fees - Expense,350.0,1920.0,1570.0
2025-26,55,Food for Audition Judges - Expense,175.0,140.0,-35.0
2025-26,56,Formal Wear - Expense,1900.0,3181.95,1281.95
2025-26,57,Jazz Band Festival - Expense,600.0,395.0,-205.0
2025-26,58,MSHSAA - Medals - Expense,600.0,0.0,-600.0
2025-26,59,Tuxedo Coat Cleaning - Expense,500.0,186.0,-314.0
2025-26,60,Tuxedo Jackets - Expense,200.0,0.0,-200.0
2025-26,61,Bands of America Entry Fee and Parking - Expense,2300.0,1225.0,-1075.0
2025-26,62,Charter Busses - Expense,8000.0,8566.04,566.04
2025-26,63,Drum Major Camp - Expense,1900.0,1270.0,-630.0
2025-26,64,Fall Color Guard Flags and Design - Expense,4150.0,3570.0,-580.0
2025-26,65,Fall Color Guard Uniforms - Expense,5500.0,5905.46,405.46
2025-26,66,Food - Marching Competitions - Expense,3000.0,3123.09,123.09
2025-26,67,Marching and Guard Gloves - Expense,450.0,390.63,-59.37
2025-26,68,Marching Competition Uniforms - Expense,12640.0,14089.5,1449.5
2025-26,69,Marching Festival Fees - Expense,650.0,650.0,0.0
2025-26,70,Marching Field Props - Expense,800.0,797.07,-2.93
2025-26,71,Miscellaneous Marching Expense - Expense,700.0,667.45,-32.55
2025-26,72,Student Leadership Workshop - Expense,3750.0,0.0,-3750.0
2025-26,73,Student/Staff Show Shirts - Expense,2000.0,1836.0,-164.0
2025-26,74,Trailer Insurance - Expense,650.0,683.0,33.0
2025-26,75,Trailer Maintenance - Expense,2000.0,641.58,-1358.42
2025-26,76,Trailer Storage - Expense,1300.0,140.0,-1160.0
2025-26,77,Truck Rental and Fuel - Expense,3000.0,710.24,-2289.76
2025-26,78,Uniform Cleaning - Expense,1000.0,624.0,-376.0
2025-26,79,Total Programs,108235.0,92285.61,-15949.39
2025-26,80,Fundraising - Expense,0.0,0.0,0.0
2025-26,81,Fundraising Non-gaming - Expense,10067.78,2674.21,-7393.57
2025-26,82,Holiday Craft and Music Market - Expense,0.0,237.49,237.49
2025-26,83,Midwest Marching Percussion Classic - Expense,0.0,4967.85,4967.85
2025-26,84,Trivia Night - Expense,0.0,692.32,692.32
2025-26,85,Total Fundraising,10067.78,8571.87,-1495.91
2025-26,86,Merchandise COGS - Expense,0.0,0.0,0.0
2025-26,87,BoosterHub Merch - Expense,0.0,71.59,71.59
2025-26,88,Family Show Shirts - Expense,2000.0,2447.0,447.0
2025-26,89,Total Merchandise COGS,2000.0,2518.59,518.59
2025-26,90,Other Expenses - Expense,0.0,0.0,0.0
2025-26,91,Bank Service Charges - Expense,0.0,137.93,137.93
2025-26,92,Clinicians - Professional Music Group - Expense,1000.0,1005.0,5.0
2025-26,93,CPA Fees - Expense,1000.0,906.3,-93.7
2025-26,94,Credit Card Fees - Expense,400.0,2592.51,2192.51
2025-26,95,Directors' Expense - Expense,1000.0,477.54,-522.46
2025-26,96,Equipment Purchases - Expense,390.0,0.0,-390.0
2025-26,97,Gifts - Expense,100.0,0.0,-100.0
2025-26,98,Honor Band / Solo-Ensemble Expense - Expense,600.0,615.0,15.0
2025-26,99,Indoor Percussion Expenses - Expense,0.0,4114.8,4114.8
2025-26,100,Miscellaneous Expenditures - Expense,500.0,1046.71,546.71
2025-26,101,Phyllis Hoing Memorial Scholarship - Expense,500.0,0.0,-500.0
2025-26,102,State Registration - MO License - Expense,11.25,10.5,-0.75
2025-26,103,Subscriptions - Expense,1210.0,1210.0,0.0
2025-26,104,Trip Expense - Expense,0.0,112851.33,112851.33
2025-26,105,Winter Guard Expenses - Expense,13081.6,11585.9,-1495.7
2025-26,106,Winter Guard Drill Design - Expense,3500.0,3500.0,0.0
2025-26,107,Winter Guard MCCGA/WGI Fees - Expense,675.0,675.0,0.0
2025-26,108,Total Other Expenses,23967.85,140728.52,116760.67
2025-26,109,Professional Fees - Expense,0.0,1000.0,1000.0
2025-26,110,Total Professional Fees,0.0,1000.0,1000.0
2025-26,111,Benefits - Expense,0.0,0.0,0.0
2025-26,112,Total Benefits,0.0,0.0,0.0
2025-26,113,Salaries - Expense,0.0,0.0,0.0
2025-26,114,Total Salaries,0.0,0.0,0.0
2025-26,115,"Rent, Utility, Maintenance - Expense",0.0,0.0,0.0
2025-26,116,"Total Rent, Utility, Maintenance",0.0,0.0,0.0
2025-26,117,"Printing, Publication, Postage and Shipping - Expense",0.0,0.0,0.0
2025-26,118,"Total Printing, Publication, Postage and Shipping",0.0,0.0,0.0
2025-26,119,Grants or similar amount paid - Expense,0.0,0.0,0.0
2025-26,120,Total Grants or similar amount paid,0.0,0.0,0.0
2025-26,121,Total Expense,144270.63,245104.59,100833.96
2025-26,122,Net Income,0.0,2801.8,2801.8
