assumption,value,notes
Operating horizon,2026-2028,Chris expects to serve through daughter junior and senior years
2026-27 baseline status,Working draft,Not final; appears cloned from 2025-26 BoosterHub structure
Primary Tuesday objective,Decision-quality inputs,"Structure, scope, known commitments, roster counts, fee/fundraising assumptions"
Recommended architecture,Hybrid,Board operating view + program schedules + pass-through/restricted schedule + decision log
Current 2026-27 draft income,144270.63,Placeholder total from current structure
Current 2026-27 draft expense,144270.63,Placeholder total from current structure
Known issue: 2025-26 baseline,127014 vs 144270.63,Confirm board-approved source/version
Known issue: fundraising,2024-25 actual missed budget by 68243.99,Do not treat stretch fundraising as base budget
Known issue: indoor percussion,"40838.63 actual expense in 2024-25, zeroed in simplified budget",Decide in / separate / out
